,integrated_binnum,phi_binnum,phi_width
0,1,0,1
1,1,1,1
2,1,2,5
3,1,7,1
4,1,8,2
5,1,10,1
6,1,11,2
7,1,13,3
8,1,16,5
9,1,21,1
10,1,22,1
11,1,23,1
12,2,0,1
13,2,1,1
14,2,2,1
15,2,3,1
16,2,4,3
17,2,7,1
18,2,8,1
19,2,9,1
20,2,10,1
21,2,11,1
22,2,12,2
23,2,14,1
24,2,15,1
25,2,16,1
26,2,17,3
27,2,20,1
28,2,21,1
29,2,22,1
30,2,23,1
31,3,0,1
32,3,1,1
33,3,2,1
34,3,3,1
35,3,4,2
36,3,6,1
37,3,7,1
38,3,8,1
39,3,9,1
40,3,10,1
41,3,11,1
42,3,12,2
43,3,14,1
44,3,15,1
45,3,16,2
46,3,18,1
47,3,19,3
48,3,22,1
49,3,23,1
50,4,0,1
51,4,1,1
52,4,2,1
53,4,3,1
54,4,4,2
55,4,6,1
56,4,7,1
57,4,8,2
58,4,10,3
59,4,13,1
60,4,14,1
61,4,15,2
62,4,17,1
63,4,18,2
64,4,20,1
65,4,21,1
66,4,22,1
67,4,23,1
68,5,0,1
69,5,1,1
70,5,2,1
71,5,3,3
72,5,6,1
73,5,7,1
74,5,8,1
75,5,9,2
76,5,11,2
77,5,13,1
78,5,14,1
79,5,15,2
80,5,17,2
81,5,19,1
82,5,20,2
83,5,22,1
84,5,23,1
85,6,0,1
86,6,1,1
87,6,2,1
88,6,3,2
89,6,5,2
90,6,7,2
91,6,9,1
92,6,10,1
93,6,11,2
94,6,13,1
95,6,14,1
96,6,15,1
97,6,16,1
98,6,17,2
99,6,19,2
100,6,21,1
101,6,22,1
102,6,23,1
103,7,0,1
104,7,1,1
105,7,2,2
106,7,4,2
107,7,6,1
108,7,7,2
109,7,9,1
110,7,10,1
111,7,11,2
112,7,13,1
113,7,14,1
114,7,15,1
115,7,16,2
116,7,18,2
117,7,20,2
118,7,22,1
119,7,23,1
120,8,0,1
121,8,1,1
122,8,2,1
123,8,3,1
124,8,4,1
125,8,5,1
126,8,6,1
127,8,7,1
128,8,8,2
129,8,10,1
130,8,11,2
131,8,13,1
132,8,14,1
133,8,15,2
134,8,17,1
135,8,18,2
136,8,20,1
137,8,21,1
138,8,22,1
139,8,23,1
140,9,0,3
141,9,3,1
142,9,4,1
143,9,5,1
144,9,6,1
145,9,7,3
146,9,10,4
147,9,14,1
148,9,15,1
149,9,16,1
150,9,17,1
151,9,18,1
152,9,19,1
153,9,20,4
154,10,0,3
155,10,3,1
156,10,4,1
157,10,5,1
158,10,6,1
159,10,7,2
160,10,9,1
161,10,10,1
162,10,11,1
163,10,12,2
164,10,14,1
165,10,15,1
166,10,16,1
167,10,17,1
168,10,18,1
169,10,19,1
170,10,20,1
171,10,21,2
172,10,23,1
173,11,0,1
174,11,1,2
175,11,3,1
176,11,4,1
177,11,5,1
178,11,6,1
179,11,7,1
180,11,8,2
181,11,10,1
182,11,11,1
183,11,12,2
184,11,14,1
185,11,15,1
186,11,16,1
187,11,17,2
188,11,19,1
189,11,20,1
190,11,21,2
191,11,23,1
192,12,0,1
193,12,1,1
194,12,2,1
195,12,3,2
196,12,5,1
197,12,6,1
198,12,7,1
199,12,8,3
200,12,11,3
201,12,14,1
202,12,15,1
203,12,16,3
204,12,19,2
205,12,21,1
206,12,22,1
207,12,23,1
208,13,0,1
209,13,1,1
210,13,2,1
211,13,3,4
212,13,7,1
213,13,8,6
214,13,14,1
215,13,15,1
216,13,16,4
217,13,20,1
218,13,21,2
219,13,23,1
220,14,0,1
221,14,1,1
222,14,2,1
223,14,3,1
224,14,4,1
225,14,5,2
226,14,7,2
227,14,9,1
228,14,10,2
229,14,12,2
230,14,14,1
231,14,15,1
232,14,16,1
233,14,17,3
234,14,20,1
235,14,21,1
236,14,22,1
237,14,23,1
238,15,0,2
239,15,2,1
240,15,3,1
241,15,4,1
242,15,5,1
243,15,6,2
244,15,8,1
245,15,9,1
246,15,10,1
247,15,11,1
248,15,12,1
249,15,13,1
250,15,14,1
251,15,15,1
252,15,16,2
253,15,18,2
254,15,20,1
255,15,21,1
256,15,22,2
257,16,0,1
258,16,1,2
259,16,3,1
260,16,4,2
261,16,6,1
262,16,7,2
263,16,9,1
264,16,10,1
265,16,11,1
266,16,12,1
267,16,13,2
268,16,15,1
269,16,16,2
270,16,18,1
271,16,19,1
272,16,20,1
273,16,21,1
274,16,22,2
275,17,0,1
276,17,1,1
277,17,2,1
278,17,3,1
279,17,4,2
280,17,6,1
281,17,7,2
282,17,9,1
283,17,10,1
284,17,11,1
285,17,12,1
286,17,13,1
287,17,14,1
288,17,15,1
289,17,16,2
290,17,18,1
291,17,19,1
292,17,20,1
293,17,21,1
294,17,22,1
295,17,23,1
296,18,0,1
297,18,1,1
298,18,2,1
299,18,3,1
300,18,4,2
301,18,6,1
302,18,7,1
303,18,8,1
304,18,9,2
305,18,11,3
306,18,14,1
307,18,15,3
308,18,18,2
309,18,20,2
310,18,22,1
311,18,23,1
312,19,0,1
313,19,1,1
314,19,2,1
315,19,3,1
316,19,4,1
317,19,5,1
318,19,6,2
319,19,8,1
320,19,9,1
321,19,10,1
322,19,11,2
323,19,13,1
324,19,14,1
325,19,15,1
326,19,16,1
327,19,17,2
328,19,19,1
329,19,20,1
330,19,21,1
331,19,22,1
332,19,23,1
333,20,0,1
334,20,1,1
335,20,2,1
336,20,3,1
337,20,4,1
338,20,5,1
339,20,6,1
340,20,7,1
341,20,8,1
342,20,9,1
343,20,10,1
344,20,11,1
345,20,12,2
346,20,14,1
347,20,15,1
348,20,16,1
349,20,17,2
350,20,19,1
351,20,20,1
352,20,21,1
353,20,22,1
354,20,23,1
355,21,0,2
356,21,2,1
357,21,3,1
358,21,4,2
359,21,6,1
360,21,7,1
361,21,8,2
362,21,10,1
363,21,11,2
364,21,13,1
365,21,14,1
366,21,15,1
367,21,16,1
368,21,17,1
369,21,18,1
370,21,19,1
371,21,20,1
372,21,21,1
373,21,22,1
374,21,23,1
375,22,0,1
376,22,1,1
377,22,2,1
378,22,3,1
379,22,4,1
380,22,5,1
381,22,6,1
382,22,7,1
383,22,8,1
384,22,9,1
385,22,10,1
386,22,11,1
387,22,12,2
388,22,14,1
389,22,15,2
390,22,17,1
391,22,18,1
392,22,19,1
393,22,20,1
394,22,21,1
395,22,22,1
396,22,23,1
397,23,0,1
398,23,1,1
399,23,2,1
400,23,3,1
401,23,4,3
402,23,7,1
403,23,8,2
404,23,10,1
405,23,11,3
406,23,14,1
407,23,15,3
408,23,18,2
409,23,20,1
410,23,21,1
411,23,22,1
412,23,23,1
413,24,0,1
414,24,1,1
415,24,2,1
416,24,3,1
417,24,4,1
418,24,5,1
419,24,6,1
420,24,7,1
421,24,8,1
422,24,9,1
423,24,10,1
424,24,11,1
425,24,12,1
426,24,13,1
427,24,14,1
428,24,15,1
429,24,16,1
430,24,17,1
431,24,18,1
432,24,19,1
433,24,20,1
434,24,21,1
435,24,22,1
436,24,23,1
437,25,0,1
438,25,1,1
439,25,2,1
440,25,3,1
441,25,4,1
442,25,5,1
443,25,6,1
444,25,7,1
445,25,8,3
446,25,11,1
447,25,12,2
448,25,14,1
449,25,15,1
450,25,16,1
451,25,17,1
452,25,18,1
453,25,19,1
454,25,20,1
455,25,21,1
456,25,22,1
457,25,23,1
458,26,0,1
459,26,1,1
460,26,2,1
461,26,3,1
462,26,4,1
463,26,5,1
464,26,6,1
465,26,7,1
466,26,8,2
467,26,10,1
468,26,11,2
469,26,13,1
470,26,14,1
471,26,15,1
472,26,16,1
473,26,17,1
474,26,18,1
475,26,19,1
476,26,20,1
477,26,21,1
478,26,22,1
479,26,23,1
480,27,0,1
481,27,1,1
482,27,2,1
483,27,3,1
484,27,4,1
485,27,5,1
486,27,6,1
487,27,7,1
488,27,8,1
489,27,9,1
490,27,10,1
491,27,11,1
492,27,12,1
493,27,13,1
494,27,14,1
495,27,15,1
496,27,16,1
497,27,17,1
498,27,18,5
499,27,23,1
500,28,0,1
501,28,1,2
502,28,3,1
503,28,4,1
504,28,5,1
505,28,6,1
506,28,7,1
507,28,8,1
508,28,9,1
509,28,10,1
510,28,11,1
511,28,12,1
512,28,13,1
513,28,14,1
514,28,15,1
515,28,16,1
516,28,17,1
517,28,18,5
518,28,23,1
519,29,0,1
520,29,1,2
521,29,3,1
522,29,4,1
523,29,5,3
524,29,8,3
525,29,11,4
526,29,15,1
527,29,16,1
528,29,17,1
529,29,18,1
530,29,19,1
531,29,20,1
532,29,21,1
533,29,22,2
534,30,0,1
535,30,1,2
536,30,3,1
537,30,4,1
538,30,5,1
539,30,6,2
540,30,8,1
541,30,9,1
542,30,10,1
543,30,11,1
544,30,12,1
545,30,13,1
546,30,14,2
547,30,16,1
548,30,17,1
549,30,18,1
550,30,19,1
551,30,20,1
552,30,21,3
553,31,0,2
554,31,2,2
555,31,4,1
556,31,5,1
557,31,6,1
558,31,7,2
559,31,9,1
560,31,10,1
561,31,11,1
562,31,12,1
563,31,13,2
564,31,15,1
565,31,16,1
566,31,17,1
567,31,18,2
568,31,20,2
569,31,22,2
570,32,0,2
571,32,2,1
572,32,3,2
573,32,5,1
574,32,6,1
575,32,7,1
576,32,8,2
577,32,10,1
578,32,11,1
579,32,12,3
580,32,15,1
581,32,16,1
582,32,17,2
583,32,19,1
584,32,20,1
585,32,21,1
586,32,22,1
587,32,23,1
588,33,0,2
589,33,2,1
590,33,3,3
591,33,6,1
592,33,7,1
593,33,8,3
594,33,11,3
595,33,14,1
596,33,15,1
597,33,16,3
598,33,19,3
599,33,22,2
600,34,0,1
601,34,1,1
602,34,2,1
603,34,3,1
604,34,4,1
605,34,5,1
606,34,6,1
607,34,7,1
608,34,8,1
609,34,9,1
610,34,10,2
611,34,12,3
612,34,15,1
613,34,16,1
614,34,17,1
615,34,18,2
616,34,20,1
617,34,21,1
618,34,22,1
619,34,23,1
620,35,0,1
621,35,1,1
622,35,2,1
623,35,3,1
624,35,4,1
625,35,5,1
626,35,6,1
627,35,7,1
628,35,8,1
629,35,9,1
630,35,10,1
631,35,11,1
632,35,12,1
633,35,13,1
634,35,14,2
635,35,16,1
636,35,17,1
637,35,18,2
638,35,20,1
639,35,21,1
640,35,22,1
641,35,23,1
642,36,0,1
643,36,1,1
644,36,2,1
645,36,3,1
646,36,4,1
647,36,5,1
648,36,6,2
649,36,8,1
650,36,9,1
651,36,10,1
652,36,11,1
653,36,12,1
654,36,13,1
655,36,14,1
656,36,15,1
657,36,16,2
658,36,18,1
659,36,19,1
660,36,20,1
661,36,21,1
662,36,22,1
663,36,23,1
664,37,0,1
665,37,1,1
666,37,2,1
667,37,3,2
668,37,5,1
669,37,6,1
670,37,7,2
671,37,9,1
672,37,10,1
673,37,11,1
674,37,12,1
675,37,13,2
676,37,15,1
677,37,16,1
678,37,17,1
679,37,18,1
680,37,19,1
681,37,20,1
682,37,21,1
683,37,22,1
684,37,23,1
685,38,0,1
686,38,1,1
687,38,2,1
688,38,3,1
689,38,4,2
690,38,6,1
691,38,7,1
692,38,8,2
693,38,10,1
694,38,11,1
695,38,12,2
696,38,14,1
697,38,15,1
698,38,16,2
699,38,18,1
700,38,19,1
701,38,20,1
702,38,21,1
703,38,22,1
704,38,23,1
705,39,0,2
706,39,2,1
707,39,3,1
708,39,4,3
709,39,7,1
710,39,8,2
711,39,10,2
712,39,12,2
713,39,14,1
714,39,15,3
715,39,18,1
716,39,19,1
717,39,20,1
718,39,21,1
719,39,22,2
720,40,0,1
721,40,1,1
722,40,2,1
723,40,3,1
724,40,4,1
725,40,5,1
726,40,6,2
727,40,8,1
728,40,9,1
729,40,10,2
730,40,12,2
731,40,14,1
732,40,15,1
733,40,16,1
734,40,17,2
735,40,19,1
736,40,20,1
737,40,21,1
738,40,22,1
739,40,23,1
740,41,0,1
741,41,1,1
742,41,2,1
743,41,3,1
744,41,4,1
745,41,5,1
746,41,6,1
747,41,7,1
748,41,8,1
749,41,9,1
750,41,10,1
751,41,11,1
752,41,12,1
753,41,13,2
754,41,15,1
755,41,16,3
756,41,19,1
757,41,20,1
758,41,21,1
759,41,22,1
760,41,23,1
761,42,0,1
762,42,1,1
763,42,2,1
764,42,3,1
765,42,4,2
766,42,6,2
767,42,8,1
768,42,9,1
769,42,10,1
770,42,11,1
771,42,12,1
772,42,13,1
773,42,14,3
774,42,17,1
775,42,18,1
776,42,19,1
777,42,20,1
778,42,21,1
779,42,22,1
780,42,23,1
781,43,0,2
782,43,2,1
783,43,3,1
784,43,4,1
785,43,5,1
786,43,6,1
787,43,7,1
788,43,8,1
789,43,9,1
790,43,10,1
791,43,11,1
792,43,12,1
793,43,13,3
794,43,16,1
795,43,17,1
796,43,18,1
797,43,19,1
798,43,20,1
799,43,21,1
800,43,22,2
801,44,0,1
802,44,1,1
803,44,2,1
804,44,3,2
805,44,5,1
806,44,6,1
807,44,7,3
808,44,10,1
809,44,11,3
810,44,14,1
811,44,15,2
812,44,17,1
813,44,18,1
814,44,19,1
815,44,20,1
816,44,21,1
817,44,22,1
818,44,23,1
819,45,0,1
820,45,1,1
821,45,2,1
822,45,3,1
823,45,4,1
824,45,5,1
825,45,6,1
826,45,7,1
827,45,8,1
828,45,9,1
829,45,10,1
830,45,11,1
831,45,12,1
832,45,13,1
833,45,14,1
834,45,15,1
835,45,16,1
836,45,17,1
837,45,18,1
838,45,19,1
839,45,20,1
840,45,21,1
841,45,22,1
842,45,23,1
843,46,0,1
844,46,1,1
845,46,2,1
846,46,3,1
847,46,4,1
848,46,5,1
849,46,6,1
850,46,7,1
851,46,8,1
852,46,9,1
853,46,10,1
854,46,11,1
855,46,12,1
856,46,13,1
857,46,14,1
858,46,15,1
859,46,16,1
860,46,17,1
861,46,18,1
862,46,19,1
863,46,20,1
864,46,21,1
865,46,22,1
866,46,23,1
867,47,0,1
868,47,1,1
869,47,2,1
870,47,3,1
871,47,4,1
872,47,5,1
873,47,6,1
874,47,7,1
875,47,8,1
876,47,9,1
877,47,10,1
878,47,11,1
879,47,12,1
880,47,13,1
881,47,14,1
882,47,15,1
883,47,16,1
884,47,17,1
885,47,18,1
886,47,19,1
887,47,20,1
888,47,21,1
889,47,22,1
890,47,23,1
891,48,0,1
892,48,1,1
893,48,2,1
894,48,3,1
895,48,4,1
896,48,5,1
897,48,6,1
898,48,7,1
899,48,8,1
900,48,9,1
901,48,10,1
902,48,11,1
903,48,12,1
904,48,13,1
905,48,14,1
906,48,15,1
907,48,16,1
908,48,17,1
909,48,18,1
910,48,19,1
911,48,20,1
912,48,21,1
913,48,22,1
914,48,23,1
915,49,0,1
916,49,1,1
917,49,2,1
918,49,3,1
919,49,4,1
920,49,5,1
921,49,6,1
922,49,7,1
923,49,8,1
924,49,9,1
925,49,10,1
926,49,11,1
927,49,12,1
928,49,13,1
929,49,14,1
930,49,15,1
931,49,16,1
932,49,17,1
933,49,18,1
934,49,19,1
935,49,20,1
936,49,21,1
937,49,22,1
938,49,23,1
939,50,0,1
940,50,1,1
941,50,2,1
942,50,3,1
943,50,4,1
944,50,5,1
945,50,6,1
946,50,7,1
947,50,8,1
948,50,9,1
949,50,10,1
950,50,11,1
951,50,12,1
952,50,13,1
953,50,14,1
954,50,15,1
955,50,16,1
956,50,17,1
957,50,18,1
958,50,19,1
959,50,20,1
960,50,21,1
961,50,22,1
962,50,23,1
963,51,0,2
964,51,2,3
965,51,5,1
966,51,6,2
967,51,8,1
968,51,9,1
969,51,10,1
970,51,11,1
971,51,12,1
972,51,13,1
973,51,14,1
974,51,15,1
975,51,16,1
976,51,17,1
977,51,18,1
978,51,19,1
979,51,20,1
980,51,21,1
981,51,22,1
982,51,23,1
983,52,0,1
984,52,1,1
985,52,2,4
986,52,6,2
987,52,8,3
988,52,11,1
989,52,12,3
990,52,15,1
991,52,16,1
992,52,17,1
993,52,18,1
994,52,19,1
995,52,20,1
996,52,21,1
997,52,22,2
998,53,0,3
999,53,3,1
1000,53,4,1
1001,53,5,1
1002,53,6,1
1003,53,7,3
1004,53,10,5
1005,53,15,1
1006,53,16,1
1007,53,17,1
1008,53,18,1
1009,53,19,2
1010,53,21,1
1011,53,22,1
1012,53,23,1
1013,54,0,2
1014,54,2,1
1015,54,3,1
1016,54,4,1
1017,54,5,1
1018,54,6,1
1019,54,7,5
1020,54,12,1
1021,54,13,2
1022,54,15,1
1023,54,16,1
1024,54,17,4
1025,54,21,2
1026,54,23,1
1027,55,0,3
1028,55,3,2
1029,55,5,1
1030,55,6,1
1031,55,7,1
1032,55,8,1
1033,55,9,1
1034,55,10,1
1035,55,11,1
1036,55,12,1
1037,55,13,1
1038,55,14,1
1039,55,15,1
1040,55,16,1
1041,55,17,3
1042,55,20,2
1043,55,22,2
1044,56,0,1
1045,56,1,4
1046,56,5,1
1047,56,6,1
1048,56,7,1
1049,56,8,1
1050,56,9,1
1051,56,10,1
1052,56,11,3
1053,56,14,1
1054,56,15,1
1055,56,16,1
1056,56,17,1
1057,56,18,1
1058,56,19,1
1059,56,20,1
1060,56,21,1
1061,56,22,2
1062,57,0,1
1063,57,1,1
1064,57,2,1
1065,57,3,1
1066,57,4,1
1067,57,5,2
1068,57,7,3
1069,57,10,1
1070,57,11,6
1071,57,17,1
1072,57,18,1
1073,57,19,1
1074,57,20,1
1075,57,21,1
1076,57,22,2
1077,58,0,1
1078,58,1,1
1079,58,2,1
1080,58,3,1
1081,58,4,1
1082,58,5,1
1083,58,6,1
1084,58,7,1
1085,58,8,1
1086,58,9,1
1087,58,10,1
1088,58,11,1
1089,58,12,1
1090,58,13,1
1091,58,14,3
1092,58,17,1
1093,58,18,1
1094,58,19,1
1095,58,20,1
1096,58,21,2
1097,58,23,1
1098,59,0,1
1099,59,1,2
1100,59,3,1
1101,59,4,1
1102,59,5,2
1103,59,7,1
1104,59,8,1
1105,59,9,1
1106,59,10,1
1107,59,11,1
1108,59,12,1
1109,59,13,1
1110,59,14,2
1111,59,16,1
1112,59,17,1
1113,59,18,3
1114,59,21,2
1115,59,23,1
1116,60,0,1
1117,60,1,2
1118,60,3,1
1119,60,4,1
1120,60,5,1
1121,60,6,2
1122,60,8,1
1123,60,9,1
1124,60,10,1
1125,60,11,1
1126,60,12,1
1127,60,13,2
1128,60,15,1
1129,60,16,1
1130,60,17,2
1131,60,19,1
1132,60,20,1
1133,60,21,1
1134,60,22,1
1135,60,23,1
1136,61,0,1
1137,61,1,1
1138,61,2,1
1139,61,3,1
1140,61,4,2
1141,61,6,1
1142,61,7,3
1143,61,10,2
1144,61,12,3
1145,61,15,1
1146,61,16,2
1147,61,18,1
1148,61,19,1
1149,61,20,1
1150,61,21,1
1151,61,22,1
1152,61,23,1
1153,62,0,2
1154,62,2,2
1155,62,4,3
1156,62,7,3
1157,62,10,1
1158,62,11,2
1159,62,13,2
1160,62,15,1
1161,62,16,3
1162,62,19,1
1163,62,20,2
1164,62,22,2
1165,63,0,1
1166,63,1,1
1167,63,2,1
1168,63,3,1
1169,63,4,1
1170,63,5,1
1171,63,6,1
1172,63,7,2
1173,63,9,2
1174,63,11,4
1175,63,15,1
1176,63,16,1
1177,63,17,1
1178,63,18,1
1179,63,19,2
1180,63,21,1
1181,63,22,1
1182,63,23,1
1183,64,0,1
1184,64,1,1
1185,64,2,1
1186,64,3,1
1187,64,4,1
1188,64,5,1
1189,64,6,1
1190,64,7,1
1191,64,8,1
1192,64,9,1
1193,64,10,1
1194,64,11,1
1195,64,12,1
1196,64,13,1
1197,64,14,1
1198,64,15,2
1199,64,17,1
1200,64,18,2
1201,64,20,1
1202,64,21,1
1203,64,22,1
1204,64,23,1
1205,65,0,1
1206,65,1,1
1207,65,2,1
1208,65,3,1
1209,65,4,1
1210,65,5,1
1211,65,6,1
1212,65,7,1
1213,65,8,1
1214,65,9,1
1215,65,10,1
1216,65,11,1
1217,65,12,1
1218,65,13,1
1219,65,14,1
1220,65,15,2
1221,65,17,1
1222,65,18,1
1223,65,19,1
1224,65,20,1
1225,65,21,1
1226,65,22,1
1227,65,23,1
1228,66,0,1
1229,66,1,1
1230,66,2,1
1231,66,3,2
1232,66,5,1
1233,66,6,2
1234,66,8,1
1235,66,9,1
1236,66,10,1
1237,66,11,1
1238,66,12,1
1239,66,13,1
1240,66,14,2
1241,66,16,1
1242,66,17,1
1243,66,18,1
1244,66,19,1
1245,66,20,1
1246,66,21,1
1247,66,22,1
1248,66,23,1
1249,67,0,2
1250,67,2,1
1251,67,3,1
1252,67,4,2
1253,67,6,1
1254,67,7,2
1255,67,9,1
1256,67,10,1
1257,67,11,1
1258,67,12,2
1259,67,14,3
1260,67,17,1
1261,67,18,1
1262,67,19,1
1263,67,20,1
1264,67,21,1
1265,67,22,2
1266,68,0,2
1267,68,2,1
1268,68,3,1
1269,68,4,1
1270,68,5,3
1271,68,8,3
1272,68,11,3
1273,68,14,3
1274,68,17,1
1275,68,18,1
1276,68,19,1
1277,68,20,1
1278,68,21,1
1279,68,22,2
1280,69,0,1
1281,69,1,1
1282,69,2,1
1283,69,3,1
1284,69,4,1
1285,69,5,1
1286,69,6,1
1287,69,7,1
1288,69,8,1
1289,69,9,1
1290,69,10,1
1291,69,11,1
1292,69,12,1
1293,69,13,1
1294,69,14,5
1295,69,19,1
1296,69,20,1
1297,69,21,1
1298,69,22,1
1299,69,23,1
1300,70,0,1
1301,70,1,1
1302,70,2,1
1303,70,3,1
1304,70,4,1
1305,70,5,1
1306,70,6,1
1307,70,7,1
1308,70,8,1
1309,70,9,1
1310,70,10,1
1311,70,11,1
1312,70,12,1
1313,70,13,1
1314,70,14,2
1315,70,16,1
1316,70,17,1
1317,70,18,1
1318,70,19,1
1319,70,20,1
1320,70,21,1
1321,70,22,1
1322,70,23,1
1323,71,0,2
1324,71,2,1
1325,71,3,1
1326,71,4,3
1327,71,7,1
1328,71,8,1
1329,71,9,1
1330,71,10,1
1331,71,11,1
1332,71,12,1
1333,71,13,1
1334,71,14,3
1335,71,17,1
1336,71,18,1
1337,71,19,1
1338,71,20,1
1339,71,21,1
1340,71,22,2
1341,72,0,2
1342,72,2,1
1343,72,3,2
1344,72,5,1
1345,72,6,3
1346,72,9,1
1347,72,10,1
1348,72,11,2
1349,72,13,3
1350,72,16,1
1351,72,17,1
1352,72,18,1
1353,72,19,1
1354,72,20,1
1355,72,21,1
1356,72,22,2
1357,73,0,1
1358,73,1,1
1359,73,2,1
1360,73,3,1
1361,73,4,1
1362,73,5,1
1363,73,6,1
1364,73,7,1
1365,73,8,1
1366,73,9,1
1367,73,10,1
1368,73,11,1
1369,73,12,1
1370,73,13,1
1371,73,14,1
1372,73,15,1
1373,73,16,1
1374,73,17,1
1375,73,18,1
1376,73,19,1
1377,73,20,1
1378,73,21,1
1379,73,22,1
1380,73,23,1
1381,74,0,1
1382,74,1,1
1383,74,2,1
1384,74,3,1
1385,74,4,1
1386,74,5,1
1387,74,6,1
1388,74,7,1
1389,74,8,1
1390,74,9,1
1391,74,10,1
1392,74,11,1
1393,74,12,1
1394,74,13,1
1395,74,14,1
1396,74,15,1
1397,74,16,1
1398,74,17,1
1399,74,18,1
1400,74,19,1
1401,74,20,1
1402,74,21,1
1403,74,22,1
1404,74,23,1
1405,75,0,1
1406,75,1,1
1407,75,2,1
1408,75,3,1
1409,75,4,1
1410,75,5,1
1411,75,6,1
1412,75,7,1
1413,75,8,1
1414,75,9,1
1415,75,10,1
1416,75,11,1
1417,75,12,1
1418,75,13,1
1419,75,14,1
1420,75,15,1
1421,75,16,1
1422,75,17,1
1423,75,18,1
1424,75,19,1
1425,75,20,1
1426,75,21,1
1427,75,22,1
1428,75,23,1
1429,76,0,1
1430,76,1,1
1431,76,2,1
1432,76,3,1
1433,76,4,1
1434,76,5,1
1435,76,6,1
1436,76,7,1
1437,76,8,1
1438,76,9,1
1439,76,10,1
1440,76,11,1
1441,76,12,1
1442,76,13,1
1443,76,14,1
1444,76,15,1
1445,76,16,1
1446,76,17,1
1447,76,18,1
1448,76,19,1
1449,76,20,1
1450,76,21,1
1451,76,22,1
1452,76,23,1
1453,77,0,1
1454,77,1,1
1455,77,2,2
1456,77,4,1
1457,77,5,1
1458,77,6,1
1459,77,7,1
1460,77,8,1
1461,77,9,1
1462,77,10,1
1463,77,11,1
1464,77,12,1
1465,77,13,1
1466,77,14,1
1467,77,15,1
1468,77,16,1
1469,77,17,1
1470,77,18,1
1471,77,19,1
1472,77,20,1
1473,77,21,1
1474,77,22,1
1475,77,23,1
1476,78,0,1
1477,78,1,1
1478,78,2,1
1479,78,3,1
1480,78,4,1
1481,78,5,1
1482,78,6,1
1483,78,7,1
1484,78,8,1
1485,78,9,1
1486,78,10,1
1487,78,11,1
1488,78,12,1
1489,78,13,1
1490,78,14,1
1491,78,15,1
1492,78,16,1
1493,78,17,1
1494,78,18,1
1495,78,19,1
1496,78,20,1
1497,78,21,1
1498,78,22,1
1499,78,23,1
1500,79,0,1
1501,79,1,1
1502,79,2,1
1503,79,3,1
1504,79,4,1
1505,79,5,1
1506,79,6,1
1507,79,7,1
1508,79,8,1
1509,79,9,1
1510,79,10,1
1511,79,11,1
1512,79,12,1
1513,79,13,1
1514,79,14,1
1515,79,15,1
1516,79,16,1
1517,79,17,1
1518,79,18,1
1519,79,19,1
1520,79,20,1
1521,79,21,1
1522,79,22,1
1523,79,23,1
1524,80,0,1
1525,80,1,1
1526,80,2,1
1527,80,3,1
1528,80,4,1
1529,80,5,1
1530,80,6,1
1531,80,7,1
1532,80,8,1
1533,80,9,1
1534,80,10,1
1535,80,11,1
1536,80,12,1
1537,80,13,1
1538,80,14,1
1539,80,15,1
1540,80,16,1
1541,80,17,1
1542,80,18,1
1543,80,19,1
1544,80,20,4
1545,81,0,1
1546,81,1,1
1547,81,2,1
1548,81,3,1
1549,81,4,1
1550,81,5,1
1551,81,6,1
1552,81,7,1
1553,81,8,1
1554,81,9,4
1555,81,13,1
1556,81,14,1
1557,81,15,1
1558,81,16,1
1559,81,17,1
1560,81,18,1
1561,81,19,1
1562,81,20,1
1563,81,21,1
1564,81,22,1
1565,81,23,1
1566,82,0,1
1567,82,1,1
1568,82,2,1
1569,82,3,1
1570,82,4,1
1571,82,5,1
1572,82,6,3
1573,82,9,1
1574,82,10,5
1575,82,15,1
1576,82,16,2
1577,82,18,1
1578,82,19,3
1579,82,22,1
1580,82,23,1
1581,83,0,1
1582,83,1,1
1583,83,2,1
1584,83,3,2
1585,83,5,1
1586,83,6,1
1587,83,7,1
1588,83,8,1
1589,83,9,2
1590,83,11,2
1591,83,13,3
1592,83,16,1
1593,83,17,1
1594,83,18,1
1595,83,19,1
1596,83,20,1
1597,83,21,1
1598,83,22,2
1599,84,0,3
1600,84,3,1
1601,84,4,1
1602,84,5,3
1603,84,8,1
1604,84,9,1
1605,84,10,2
1606,84,12,1
1607,84,13,1
1608,84,14,2
1609,84,16,1
1610,84,17,3
1611,84,20,3
1612,84,23,1
1613,85,0,1
1614,85,1,4
1615,85,5,1
1616,85,6,1
1617,85,7,3
1618,85,10,1
1619,85,11,2
1620,85,13,3
1621,85,16,1
1622,85,17,2
1623,85,19,2
1624,85,21,1
1625,85,22,2
1626,86,0,2
1627,86,2,2
1628,86,4,2
1629,86,6,1
1630,86,7,1
1631,86,8,2
1632,86,10,1
1633,86,11,3
1634,86,14,1
1635,86,15,1
1636,86,16,3
1637,86,19,2
1638,86,21,2
1639,86,23,1
1640,87,0,1
1641,87,1,1
1642,87,2,1
1643,87,3,1
1644,87,4,1
1645,87,5,1
1646,87,6,1
1647,87,7,2
1648,87,9,3
1649,87,12,3
1650,87,15,3
1651,87,18,2
1652,87,20,1
1653,87,21,1
1654,87,22,1
1655,87,23,1
1656,88,0,1
1657,88,1,1
1658,88,2,1
1659,88,3,1
1660,88,4,1
1661,88,5,1
1662,88,6,1
1663,88,7,1
1664,88,8,1
1665,88,9,1
1666,88,10,1
1667,88,11,1
1668,88,12,1
1669,88,13,2
1670,88,15,2
1671,88,17,1
1672,88,18,3
1673,88,21,2
1674,88,23,1
1675,89,0,1
1676,89,1,1
1677,89,2,3
1678,89,5,2
1679,89,7,1
1680,89,8,1
1681,89,9,1
1682,89,10,1
1683,89,11,1
1684,89,12,1
1685,89,13,1
1686,89,14,1
1687,89,15,3
1688,89,18,1
1689,89,19,1
1690,89,20,1
1691,89,21,2
1692,89,23,1
1693,90,0,1
1694,90,1,1
1695,90,2,2
1696,90,4,2
1697,90,6,3
1698,90,9,1
1699,90,10,1
1700,90,11,2
1701,90,13,1
1702,90,14,3
1703,90,17,1
1704,90,18,1
1705,90,19,1
1706,90,20,1
1707,90,21,1
1708,90,22,1
1709,90,23,1
1710,91,0,1
1711,91,1,1
1712,91,2,1
1713,91,3,1
1714,91,4,2
1715,91,6,2
1716,91,8,2
1717,91,10,2
1718,91,12,1
1719,91,13,1
1720,91,14,2
1721,91,16,2
1722,91,18,1
1723,91,19,1
1724,91,20,1
1725,91,21,1
1726,91,22,1
1727,91,23,1
1728,92,0,1
1729,92,1,1
1730,92,2,1
1731,92,3,1
1732,92,4,1
1733,92,5,1
1734,92,6,1
1735,92,7,1
1736,92,8,2
1737,92,10,2
1738,92,12,2
1739,92,14,2
1740,92,16,2
1741,92,18,2
1742,92,20,1
1743,92,21,1
1744,92,22,1
1745,92,23,1
1746,93,0,1
1747,93,1,1
1748,93,2,1
1749,93,3,1
1750,93,4,1
1751,93,5,1
1752,93,6,1
1753,93,7,1
1754,93,8,1
1755,93,9,1
1756,93,10,1
1757,93,11,1
1758,93,12,1
1759,93,13,1
1760,93,14,1
1761,93,15,1
1762,93,16,2
1763,93,18,1
1764,93,19,1
1765,93,20,1
1766,93,21,1
1767,93,22,1
1768,93,23,1
1769,94,0,1
1770,94,1,1
1771,94,2,1
1772,94,3,1
1773,94,4,2
1774,94,6,1
1775,94,7,1
1776,94,8,1
1777,94,9,1
1778,94,10,1
1779,94,11,1
1780,94,12,1
1781,94,13,1
1782,94,14,2
1783,94,16,1
1784,94,17,1
1785,94,18,1
1786,94,19,1
1787,94,20,1
1788,94,21,1
1789,94,22,1
1790,94,23,1
1791,95,0,1
1792,95,1,1
1793,95,2,1
1794,95,3,2
1795,95,5,2
1796,95,7,2
1797,95,9,1
1798,95,10,1
1799,95,11,1
1800,95,12,1
1801,95,13,1
1802,95,14,2
1803,95,16,1
1804,95,17,1
1805,95,18,1
1806,95,19,1
1807,95,20,1
1808,95,21,1
1809,95,22,1
1810,95,23,1
1811,96,0,1
1812,96,1,1
1813,96,2,1
1814,96,3,2
1815,96,5,4
1816,96,9,2
1817,96,11,2
1818,96,13,2
1819,96,15,3
1820,96,18,1
1821,96,19,1
1822,96,20,1
1823,96,21,1
1824,96,22,1
1825,96,23,1
1826,97,0,1
1827,97,1,1
1828,97,2,1
1829,97,3,1
1830,97,4,1
1831,97,5,1
1832,97,6,1
1833,97,7,2
1834,97,9,3
1835,97,12,3
1836,97,15,4
1837,97,19,2
1838,97,21,1
1839,97,22,1
1840,97,23,1
1841,98,0,1
1842,98,1,1
1843,98,2,1
1844,98,3,1
1845,98,4,1
1846,98,5,1
1847,98,6,1
1848,98,7,1
1849,98,8,1
1850,98,9,1
1851,98,10,1
1852,98,11,1
1853,98,12,2
1854,98,14,3
1855,98,17,1
1856,98,18,1
1857,98,19,1
1858,98,20,1
1859,98,21,1
1860,98,22,1
1861,98,23,1
1862,99,0,1
1863,99,1,1
1864,99,2,1
1865,99,3,1
1866,99,4,2
1867,99,6,1
1868,99,7,1
1869,99,8,1
1870,99,9,2
1871,99,11,2
1872,99,13,3
1873,99,16,1
1874,99,17,1
1875,99,18,1
1876,99,19,1
1877,99,20,1
1878,99,21,1
1879,99,22,1
1880,99,23,1
1881,100,0,2
1882,100,2,1
1883,100,3,1
1884,100,4,1
1885,100,5,2
1886,100,7,2
1887,100,9,3
1888,100,12,3
1889,100,15,2
1890,100,17,1
1891,100,18,1
1892,100,19,1
1893,100,20,1
1894,100,21,1
1895,100,22,2
1896,101,0,1
1897,101,1,1
1898,101,2,1
1899,101,3,1
1900,101,4,1
1901,101,5,1
1902,101,6,1
1903,101,7,1
1904,101,8,1
1905,101,9,1
1906,101,10,1
1907,101,11,1
1908,101,12,1
1909,101,13,1
1910,101,14,1
1911,101,15,1
1912,101,16,1
1913,101,17,1
1914,101,18,1
1915,101,19,1
1916,101,20,1
1917,101,21,1
1918,101,22,1
1919,101,23,1
1920,102,0,1
1921,102,1,1
1922,102,2,1
1923,102,3,1
1924,102,4,1
1925,102,5,1
1926,102,6,1
1927,102,7,1
1928,102,8,1
1929,102,9,1
1930,102,10,1
1931,102,11,1
1932,102,12,1
1933,102,13,1
1934,102,14,1
1935,102,15,1
1936,102,16,1
1937,102,17,1
1938,102,18,1
1939,102,19,1
1940,102,20,1
1941,102,21,1
1942,102,22,1
1943,102,23,1
1944,103,0,1
1945,103,1,1
1946,103,2,1
1947,103,3,1
1948,103,4,1
1949,103,5,1
1950,103,6,1
1951,103,7,1
1952,103,8,1
1953,103,9,1
1954,103,10,1
1955,103,11,1
1956,103,12,1
1957,103,13,1
1958,103,14,1
1959,103,15,1
1960,103,16,1
1961,103,17,1
1962,103,18,1
1963,103,19,1
1964,103,20,1
1965,103,21,1
1966,103,22,1
1967,103,23,1
1968,104,0,2
1969,104,2,2
1970,104,4,2
1971,104,6,1
1972,104,7,1
1973,104,8,4
1974,104,12,1
1975,104,13,1
1976,104,14,1
1977,104,15,1
1978,104,16,2
1979,104,18,1
1980,104,19,1
1981,104,20,2
1982,104,22,2
1983,105,0,2
1984,105,2,1
1985,105,3,1
1986,105,4,2
1987,105,6,2
1988,105,8,2
1989,105,10,3
1990,105,13,3
1991,105,16,3
1992,105,19,1
1993,105,20,2
1994,105,22,1
1995,105,23,1
1996,106,0,1
1997,106,1,2
1998,106,3,3
1999,106,6,2
2000,106,8,2
2001,106,10,2
2002,106,12,2
2003,106,14,1
2004,106,15,1
2005,106,16,1
2006,106,17,1
2007,106,18,2
2008,106,20,1
2009,106,21,1
2010,106,22,2
2011,107,0,1
2012,107,1,1
2013,107,2,1
2014,107,3,1
2015,107,4,1
2016,107,5,1
2017,107,6,2
2018,107,8,2
2019,107,10,1
2020,107,11,1
2021,107,12,2
2022,107,14,2
2023,107,16,1
2024,107,17,1
2025,107,18,2
2026,107,20,2
2027,107,22,1
2028,107,23,1
2029,108,0,1
2030,108,1,1
2031,108,2,4
2032,108,6,1
2033,108,7,2
2034,108,9,1
2035,108,10,2
2036,108,12,3
2037,108,15,1
2038,108,16,3
2039,108,19,2
2040,108,21,2
2041,108,23,1
2042,109,0,1
2043,109,1,1
2044,109,2,1
2045,109,3,1
2046,109,4,2
2047,109,6,2
2048,109,8,2
2049,109,10,1
2050,109,11,2
2051,109,13,2
2052,109,15,1
2053,109,16,3
2054,109,19,2
2055,109,21,1
2056,109,22,1
2057,109,23,1
2058,110,0,1
2059,110,1,1
2060,110,2,1
2061,110,3,1
2062,110,4,1
2063,110,5,1
2064,110,6,1
2065,110,7,1
2066,110,8,1
2067,110,9,1
2068,110,10,1
2069,110,11,1
2070,110,12,1
2071,110,13,1
2072,110,14,1
2073,110,15,1
2074,110,16,2
2075,110,18,2
2076,110,20,1
2077,110,21,1
2078,110,22,1
2079,110,23,1
2080,111,0,1
2081,111,1,1
2082,111,2,1
2083,111,3,1
2084,111,4,1
2085,111,5,2
2086,111,7,1
2087,111,8,1
2088,111,9,1
2089,111,10,1
2090,111,11,1
2091,111,12,1
2092,111,13,1
2093,111,14,1
2094,111,15,1
2095,111,16,1
2096,111,17,4
2097,111,21,2
2098,111,23,1
2099,112,0,2
2100,112,2,4
2101,112,6,2
2102,112,8,1
2103,112,9,1
2104,112,10,1
2105,112,11,2
2106,112,13,1
2107,112,14,1
2108,112,15,1
2109,112,16,3
2110,112,19,2
2111,112,21,1
2112,112,22,2
2113,113,0,1
2114,113,1,1
2115,113,2,2
2116,113,4,2
2117,113,6,2
2118,113,8,1
2119,113,9,1
2120,113,10,1
2121,113,11,2
2122,113,13,1
2123,113,14,2
2124,113,16,2
2125,113,18,2
2126,113,20,1
2127,113,21,1
2128,113,22,2
2129,114,0,1
2130,114,1,1
2131,114,2,1
2132,114,3,1
2133,114,4,2
2134,114,6,3
2135,114,9,1
2136,114,10,2
2137,114,12,3
2138,114,15,2
2139,114,17,2
2140,114,19,2
2141,114,21,1
2142,114,22,1
2143,114,23,1
2144,115,0,1
2145,115,1,1
2146,115,2,1
2147,115,3,1
2148,115,4,1
2149,115,5,1
2150,115,6,2
2151,115,8,1
2152,115,9,1
2153,115,10,2
2154,115,12,1
2155,115,13,2
2156,115,15,2
2157,115,17,2
2158,115,19,2
2159,115,21,1
2160,115,22,1
2161,115,23,1
2162,116,0,1
2163,116,1,1
2164,116,2,1
2165,116,3,2
2166,116,5,2
2167,116,7,2
2168,116,9,1
2169,116,10,1
2170,116,11,2
2171,116,13,2
2172,116,15,2
2173,116,17,3
2174,116,20,3
2175,116,23,1
2176,117,0,1
2177,117,1,1
2178,117,2,2
2179,117,4,2
2180,117,6,2
2181,117,8,1
2182,117,9,1
2183,117,10,1
2184,117,11,2
2185,117,13,1
2186,117,14,2
2187,117,16,2
2188,117,18,2
2189,117,20,2
2190,117,22,2
2191,118,0,2
2192,118,2,1
2193,118,3,2
2194,118,5,1
2195,118,6,2
2196,118,8,1
2197,118,9,1
2198,118,10,2
2199,118,12,1
2200,118,13,1
2201,118,14,2
2202,118,16,2
2203,118,18,2
2204,118,20,2
2205,118,22,2
2206,119,0,1
2207,119,1,1
2208,119,2,1
2209,119,3,1
2210,119,4,1
2211,119,5,1
2212,119,6,2
2213,119,8,1
2214,119,9,1
2215,119,10,1
2216,119,11,1
2217,119,12,1
2218,119,13,2
2219,119,15,1
2220,119,16,3
2221,119,19,3
2222,119,22,1
2223,119,23,1
2224,120,0,1
2225,120,1,1
2226,120,2,1
2227,120,3,1
2228,120,4,1
2229,120,5,1
2230,120,6,2
2231,120,8,1
2232,120,9,1
2233,120,10,1
2234,120,11,1
2235,120,12,1
2236,120,13,1
2237,120,14,2
2238,120,16,2
2239,120,18,2
2240,120,20,2
2241,120,22,1
2242,120,23,1
2243,121,0,1
2244,121,1,1
2245,121,2,2
2246,121,4,2
2247,121,6,2
2248,121,8,2
2249,121,10,2
2250,121,12,1
2251,121,13,2
2252,121,15,2
2253,121,17,2
2254,121,19,2
2255,121,21,1
2256,121,22,1
2257,121,23,1
2258,122,0,1
2259,122,1,2
2260,122,3,4
2261,122,7,3
2262,122,10,2
2263,122,12,2
2264,122,14,2
2265,122,16,2
2266,122,18,2
2267,122,20,2
2268,122,22,1
2269,122,23,1
2270,123,0,1
2271,123,1,1
2272,123,2,2
2273,123,4,2
2274,123,6,2
2275,123,8,2
2276,123,10,2
2277,123,12,2
2278,123,14,3
2279,123,17,3
2280,123,20,2
2281,123,22,1
2282,123,23,1
2283,124,0,1
2284,124,1,1
2285,124,2,1
2286,124,3,2
2287,124,5,2
2288,124,7,2
2289,124,9,2
2290,124,11,2
2291,124,13,2
2292,124,15,3
2293,124,18,2
2294,124,20,2
2295,124,22,1
2296,124,23,1
2297,125,0,2
2298,125,2,2
2299,125,4,2
2300,125,6,2
2301,125,8,3
2302,125,11,1
2303,125,12,1
2304,125,13,3
2305,125,16,1
2306,125,17,1
2307,125,18,3
2308,125,21,1
2309,125,22,1
2310,125,23,1
2311,126,0,1
2312,126,1,1
2313,126,2,2
2314,126,4,2
2315,126,6,2
2316,126,8,1
2317,126,9,2
2318,126,11,1
2319,126,12,3
2320,126,15,1
2321,126,16,1
2322,126,17,2
2323,126,19,1
2324,126,20,1
2325,126,21,1
2326,126,22,1
2327,126,23,1
2328,127,0,2
2329,127,2,4
2330,127,6,2
2331,127,8,1
2332,127,9,2
2333,127,11,2
2334,127,13,1
2335,127,14,1
2336,127,15,1
2337,127,16,1
2338,127,17,1
2339,127,18,2
2340,127,20,1
2341,127,21,1
2342,127,22,2
2343,128,0,2
2344,128,2,1
2345,128,3,1
2346,128,4,1
2347,128,5,1
2348,128,6,2
2349,128,8,2
2350,128,10,1
2351,128,11,1
2352,128,12,1
2353,128,13,1
2354,128,14,2
2355,128,16,3
2356,128,19,3
2357,128,22,1
2358,128,23,1
2359,129,0,1
2360,129,1,1
2361,129,2,1
2362,129,3,1
2363,129,4,1
2364,129,5,1
2365,129,6,1
2366,129,7,1
2367,129,8,3
2368,129,11,2
2369,129,13,2
2370,129,15,1
2371,129,16,1
2372,129,17,1
2373,129,18,1
2374,129,19,1
2375,129,20,2
2376,129,22,1
2377,129,23,1
2378,130,0,1
2379,130,1,1
2380,130,2,1
2381,130,3,1
2382,130,4,2
2383,130,6,1
2384,130,7,1
2385,130,8,1
2386,130,9,1
2387,130,10,1
2388,130,11,2
2389,130,13,2
2390,130,15,1
2391,130,16,1
2392,130,17,1
2393,130,18,1
2394,130,19,2
2395,130,21,1
2396,130,22,1
2397,130,23,1
2398,131,0,1
2399,131,1,1
2400,131,2,1
2401,131,3,1
2402,131,4,2
2403,131,6,1
2404,131,7,1
2405,131,8,1
2406,131,9,1
2407,131,10,1
2408,131,11,2
2409,131,13,1
2410,131,14,1
2411,131,15,1
2412,131,16,1
2413,131,17,5
2414,131,22,1
2415,131,23,1
2416,132,0,1
2417,132,1,1
2418,132,2,1
2419,132,3,1
2420,132,4,3
2421,132,7,1
2422,132,8,1
2423,132,9,1
2424,132,10,1
2425,132,11,2
2426,132,13,1
2427,132,14,1
2428,132,15,1
2429,132,16,1
2430,132,17,2
2431,132,19,3
2432,132,22,2
2433,133,0,1
2434,133,1,1
2435,133,2,1
2436,133,3,1
2437,133,4,1
2438,133,5,1
2439,133,6,1
2440,133,7,1
2441,133,8,2
2442,133,10,3
2443,133,13,1
2444,133,14,2
2445,133,16,2
2446,133,18,1
2447,133,19,1
2448,133,20,1
2449,133,21,1
2450,133,22,1
2451,133,23,1
2452,134,0,1
2453,134,1,1
2454,134,2,1
2455,134,3,1
2456,134,4,1
2457,134,5,1
2458,134,6,1
2459,134,7,1
2460,134,8,1
2461,134,9,1
2462,134,10,1
2463,134,11,2
2464,134,13,2
2465,134,15,1
2466,134,16,1
2467,134,17,2
2468,134,19,2
2469,134,21,1
2470,134,22,1
2471,134,23,1
2472,135,0,1
2473,135,1,1
2474,135,2,1
2475,135,3,2
2476,135,5,1
2477,135,6,1
2478,135,7,1
2479,135,8,1
2480,135,9,1
2481,135,10,2
2482,135,12,1
2483,135,13,1
2484,135,14,2
2485,135,16,1
2486,135,17,1
2487,135,18,3
2488,135,21,2
2489,135,23,1
2490,136,0,1
2491,136,1,1
2492,136,2,1
2493,136,3,1
2494,136,4,3
2495,136,7,1
2496,136,8,1
2497,136,9,1
2498,136,10,2
2499,136,12,1
2500,136,13,1
2501,136,14,2
2502,136,16,1
2503,136,17,2
2504,136,19,3
2505,136,22,2
2506,137,0,1
2507,137,1,1
2508,137,2,1
2509,137,3,1
2510,137,4,1
2511,137,5,1
2512,137,6,2
2513,137,8,2
2514,137,10,2
2515,137,12,2
2516,137,14,2
2517,137,16,2
2518,137,18,1
2519,137,19,1
2520,137,20,2
2521,137,22,1
2522,137,23,1
2523,138,0,1
2524,138,1,1
2525,138,2,1
2526,138,3,1
2527,138,4,1
2528,138,5,1
2529,138,6,1
2530,138,7,1
2531,138,8,1
2532,138,9,1
2533,138,10,2
2534,138,12,1
2535,138,13,1
2536,138,14,2
2537,138,16,1
2538,138,17,1
2539,138,18,1
2540,138,19,1
2541,138,20,2
2542,138,22,1
2543,138,23,1
2544,139,0,1
2545,139,1,1
2546,139,2,2
2547,139,4,2
2548,139,6,1
2549,139,7,1
2550,139,8,1
2551,139,9,1
2552,139,10,1
2553,139,11,2
2554,139,13,1
2555,139,14,2
2556,139,16,1
2557,139,17,1
2558,139,18,1
2559,139,19,1
2560,139,20,2
2561,139,22,1
2562,139,23,1
2563,140,0,2
2564,140,2,2
2565,140,4,2
2566,140,6,1
2567,140,7,1
2568,140,8,1
2569,140,9,2
2570,140,11,1
2571,140,12,1
2572,140,13,2
2573,140,15,2
2574,140,17,1
2575,140,18,2
2576,140,20,1
2577,140,21,2
2578,140,23,1
2579,141,0,2
2580,141,2,2
2581,141,4,3
2582,141,7,1
2583,141,8,1
2584,141,9,2
2585,141,11,1
2586,141,12,1
2587,141,13,2
2588,141,15,2
2589,141,17,2
2590,141,19,1
2591,141,20,2
2592,141,22,1
2593,141,23,1
2594,142,0,2
2595,142,2,2
2596,142,4,3
2597,142,7,1
2598,142,8,1
2599,142,9,2
2600,142,11,1
2601,142,12,1
2602,142,13,2
2603,142,15,2
2604,142,17,2
2605,142,19,1
2606,142,20,3
2607,142,23,1
2608,143,0,1
2609,143,1,1
2610,143,2,1
2611,143,3,2
2612,143,5,1
2613,143,6,1
2614,143,7,1
2615,143,8,1
2616,143,9,1
2617,143,10,3
2618,143,13,2
2619,143,15,1
2620,143,16,2
2621,143,18,1
2622,143,19,1
2623,143,20,2
2624,143,22,1
2625,143,23,1
2626,144,0,1
2627,144,1,2
2628,144,3,2
2629,144,5,1
2630,144,6,1
2631,144,7,1
2632,144,8,1
2633,144,9,1
2634,144,10,1
2635,144,11,1
2636,144,12,2
2637,144,14,2
2638,144,16,1
2639,144,17,2
2640,144,19,2
2641,144,21,2
2642,144,23,1
2643,145,0,1
2644,145,1,1
2645,145,2,1
2646,145,3,1
2647,145,4,1
2648,145,5,1
2649,145,6,1
2650,145,7,1
2651,145,8,2
2652,145,10,3
2653,145,13,3
2654,145,16,2
2655,145,18,2
2656,145,20,2
2657,145,22,2
2658,146,0,1
2659,146,1,1
2660,146,2,1
2661,146,3,1
2662,146,4,1
2663,146,5,1
2664,146,6,1
2665,146,7,1
2666,146,8,1
2667,146,9,2
2668,146,11,2
2669,146,13,2
2670,146,15,1
2671,146,16,1
2672,146,17,2
2673,146,19,1
2674,146,20,1
2675,146,21,2
2676,146,23,1
2677,147,0,2
2678,147,2,2
2679,147,4,1
2680,147,5,1
2681,147,6,1
2682,147,7,1
2683,147,8,1
2684,147,9,2
2685,147,11,2
2686,147,13,2
2687,147,15,1
2688,147,16,1
2689,147,17,2
2690,147,19,2
2691,147,21,2
2692,147,23,1
